{"mean_absolute_error": 77.55125299507688, "mean_absolute_percentage_error": 0.11607965489612526, "root_mean_squared_error": 96.62119224621517}